insert into users(id,username,password,email,enabled) values (1,'user1','{bcrypt}$2a$10$Va4RO4eaRQgYpw3YcY5cfOsE4RemdFUaZ1w6zs.ZnTvUfxiKpBBX6','user1@gmail.com',true);
insert into users(id,username,password,email,enabled) values (2,'user2','{bcrypt}$2a$10$1Um7zcStnAr83eqjMFTrf.rdzucR2xhNCu2/LwqqdEhGcIEgFmhk.','user2@gmail.com',false);
insert into users(id,username,password,email,enabled) values (3,'user3','{bcrypt}$2a$10$D/o18NwfCjWh3KT56Sp3xeQ5ZPbCBH0vR9cEAjK98AipbEFTQZS2y','user3@gmail.com',true);

insert into roles values (2,'ROLE_USER');
insert into roles values (1,'ROLE_ADMIN');

insert into user_roles values ( 1,1 );
insert into user_roles values ( 2,2 );
insert into user_roles values ( 3,2 );

insert into city (id, name) values (1, 'ADANA');insert into city (id, name) values (2, 'ADIYAMA');insert into city (id, name) values (3, 'AFYO');insert into city (id, name) values (4, 'AĞRI');insert into city (id, name) values (5, 'AMASYA');insert into city (id, name) values (6, 'ANKARA');insert into city (id, name) values (7, 'ANTALYA');insert into city (id, name) values (8, 'ARTVİ');insert into city (id, name) values (9, 'AYDI');insert into city (id, name) values (10, 'BALIKESİR');insert into city (id, name) values (11, 'BİLECİK');insert into city (id, name) values (12, 'BİNGÖL');insert into city (id, name) values (13, 'BİTLİS');insert into city (id, name) values (14, 'BOLU');insert into city (id, name) values (15, 'BURDUR');insert into city (id, name) values (16, 'BURSA');insert into city (id, name) values (17, 'ÇANAKKALE');insert into city (id, name) values (18, 'ÇANKIRI');insert into city (id, name) values (19, 'ÇORUM');insert into city (id, name) values (20, 'DENİZLİ');insert into city (id, name) values (21, 'DİYARBAKIR');insert into city (id, name) values (22, 'EDİRNE');insert into city (id, name) values (23, 'ELAZIĞ');insert into city (id, name) values (24, 'ERZİNCA');insert into city (id, name) values (25, 'ERZURUM');insert into city (id, name) values (26, 'ESKİŞEHİR');insert into city (id, name) values (27, 'GAZİANTEP');insert into city (id, name) values (28, 'GİRESU');insert into city (id, name) values (29, 'GÜMÜŞHANE');insert into city (id, name) values (30, 'HAKKARİ');insert into city (id, name) values (31, 'HATAY');insert into city (id, name) values (32, 'ISPARTA');insert into city (id, name) values (33, 'İÇEL');insert into city (id, name) values (34, 'İSTANBUL');insert into city (id, name) values (35, 'İZMİR');insert into city (id, name) values (36, 'KARS');insert into city (id, name) values (37, 'KASTAMONU');insert into city (id, name) values (38, 'KAYSERİ');insert into city (id, name) values (39, 'KIRKLARELİ');insert into city (id, name) values (40, 'KIRŞEHİR');insert into city (id, name) values (41, 'KOCAELİ');insert into city (id, name) values (42, 'KONYA');insert into city (id, name) values (43, 'KÜTAHYA');insert into city (id, name) values (44, 'MALATYA');insert into city (id, name) values (45, 'MANİSA');insert into city (id, name) values (46, 'KAHRAMANMARAŞ');insert into city (id, name) values (47, 'MARDİ');insert into city (id, name) values (48, 'MUĞLA');insert into city (id, name) values (49, 'MUŞ');insert into city (id, name) values (50, 'NEVŞEHİR');insert into city (id, name) values (51, 'NİĞDE');insert into city (id, name) values (52, 'ORDU');insert into city (id, name) values (53, 'RİZE');insert into city (id, name) values (54, 'SAKARYA');insert into city (id, name) values (55, 'SAMSU');insert into city (id, name) values (56, 'SİİRT');insert into city (id, name) values (57, 'SİNOP');insert into city (id, name) values (58, 'SİVAS');insert into city (id, name) values (59, 'TEKİRDAĞ');insert into city (id, name) values (60, 'TOKAT');insert into city (id, name) values (61, 'TRABZO');insert into city (id, name) values (62, 'TUNCELİ');insert into city (id, name) values (63, 'ŞANLIURFA');insert into city (id, name) values (64, 'UŞAK');insert into city (id, name) values (65, 'VA');insert into city (id, name) values (66, 'YOZGAT');insert into city (id, name) values (67, 'ZONGULDAK');insert into city (id, name) values (68, 'AKSARAY');insert into city (id, name) values (69, 'BAYBURT');insert into city (id, name) values (70, 'KARAMA');insert into city (id, name) values (71, 'KIRIKKALE');insert into city (id, name) values (72, 'BATMA');insert into city (id, name) values (73, 'ŞIRNAK');insert into city (id, name) values (74, 'BARTI');insert into city (id, name) values (75, 'ARDAHA');insert into city (id, name) values (76, 'IĞDIR');insert into city (id, name) values (77, 'YALOVA');insert into city (id, name) values (78, 'KARABÜK');insert into city (id, name) values (79, 'KİLİS');insert into city (id, name) values (80, 'OSMANİYE');insert into city (id, name) values (81, 'DÜZCE');
insert into county (id, name, city_id) values (1, 'SEYHAN', 1);insert into county (id, name, city_id) values (2, 'CEYHAN', 1);insert into county (id, name, city_id) values (3, 'FEKE', 1);insert into county (id, name, city_id) values (4, 'KARAİSALI', 1);insert into county (id, name, city_id) values (5, 'KARATAŞ', 1);insert into county (id, name, city_id) values (6, 'KOZAN', 1);insert into county (id, name, city_id) values (7, 'POZANTI', 1);insert into county (id, name, city_id) values (8, 'SAİMBEYLİ', 1);insert into county (id, name, city_id) values (9, 'TUFANBEYLİ', 1);insert into county (id, name, city_id) values (10, 'YUMURTALIK', 1);insert into county (id, name, city_id) values (11, 'YÜREĞİR', 1);insert into county (id, name, city_id) values (12, 'ALADAĞ', 1);insert into county (id, name, city_id) values (13, 'İMAMOĞLU', 1);insert into county (id, name, city_id) values (14, 'ADIYAMAN MERKEZ', 2);insert into county (id, name, city_id) values (15, 'BESNİ', 2);insert into county (id, name, city_id) values (16, 'ÇELİKHAN', 2);insert into county (id, name, city_id) values (17, 'GERGER', 2);insert into county (id, name, city_id) values (18, 'GÖLBAŞI', 2);insert into county (id, name, city_id) values (19, 'KAHTA', 2);insert into county (id, name, city_id) values (20, 'SAMSAT', 2);insert into county (id, name, city_id) values (21, 'SİNCİK', 2);insert into county (id, name, city_id) values (22, 'TUT', 2);insert into county (id, name, city_id) values (23, 'AFYONMERKEZ', 3);insert into county (id, name, city_id) values (24, 'BOLVADİN', 3);insert into county (id, name, city_id) values (25, 'ÇAY', 3);insert into county (id, name, city_id) values (26, 'DAZKIRI', 3);insert into county (id, name, city_id) values (27, 'DİNAR', 3);insert into county (id, name, city_id) values (28, 'EMİRDAĞ', 3);insert into county (id, name, city_id) values (29, 'İHSANİYE', 3);insert into county (id, name, city_id) values (30, 'SANDIKLI', 3);insert into county (id, name, city_id) values (31, 'SİNANPAŞA', 3);insert into county (id, name, city_id) values (32, 'SULDANDAĞI', 3);insert into county (id, name, city_id) values (33, 'ŞUHUT', 3);insert into county (id, name, city_id) values (34, 'BAŞMAKÇI', 3);insert into county (id, name, city_id) values (35, 'BAYAT', 3);insert into county (id, name, city_id) values (36, 'İŞCEHİSAR', 3);insert into county (id, name, city_id) values (37, 'ÇOBANLAR', 3);insert into county (id, name, city_id) values (38, 'EVCİLER', 3);insert into county (id, name, city_id) values (39, 'HOCALAR', 3);insert into county (id, name, city_id) values (40, 'KIZILÖREN', 3);insert into county (id, name, city_id) values (41, 'AKSARAY MERKEZ', 68);insert into county (id, name, city_id) values (42, 'ORTAKÖY', 68);insert into county (id, name, city_id) values (43, 'AĞAÇÖREN', 68);insert into county (id, name, city_id) values (44, 'GÜZELYURT', 68);insert into county (id, name, city_id) values (45, 'SARIYAHŞİ', 68);insert into county (id, name, city_id) values (46, 'ESKİL', 68);insert into county (id, name, city_id) values (47, 'GÜLAĞAÇ', 68);insert into county (id, name, city_id) values (48, 'AMASYA MERKEZ', 5);insert into county (id, name, city_id) values (49, 'GÖYNÜÇEK', 5);insert into county (id, name, city_id) values (50, 'GÜMÜŞHACIKÖYÜ', 5);insert into county (id, name, city_id) values (51, 'MERZİFON', 5);insert into county (id, name, city_id) values (52, 'SULUOVA', 5);insert into county (id, name, city_id) values (53, 'TAŞOVA', 5);insert into county (id, name, city_id) values (54, 'HAMAMÖZÜ', 5);insert into county (id, name, city_id) values (55, 'ALTINDAĞ', 6);insert into county (id, name, city_id) values (56, 'AYAS', 6);insert into county (id, name, city_id) values (57, 'BALA', 6);insert into county (id, name, city_id) values (58, 'BEYPAZARI', 6);insert into county (id, name, city_id) values (59, 'ÇAMLIDERE', 6);insert into county (id, name, city_id) values (60, 'ÇANKAYA', 6);insert into county (id, name, city_id) values (61, 'ÇUBUK', 6);insert into county (id, name, city_id) values (62, 'ELMADAĞ', 6);insert into county (id, name, city_id) values (63, 'GÜDÜL', 6);insert into county (id, name, city_id) values (64, 'HAYMANA', 6);insert into county (id, name, city_id) values (65, 'KALECİK', 6);insert into county (id, name, city_id) values (66, 'KIZILCAHAMAM', 6);insert into county (id, name, city_id) values (67, 'NALLIHAN', 6);insert into county (id, name, city_id) values (68, 'POLATLI', 6);insert into county (id, name, city_id) values (69, 'ŞEREFLİKOÇHİSAR', 6);insert into county (id, name, city_id) values (70, 'YENİMAHALLE', 6);insert into county (id, name, city_id) values (71, 'GÖLBAŞI', 6);insert into county (id, name, city_id) values (72, 'KEÇİÖREN', 6);insert into county (id, name, city_id) values (73, 'MAMAK', 6);insert into county (id, name, city_id) values (74, 'SİNCAN', 6);insert into county (id, name, city_id) values (75, 'KAZAN', 6);insert into county (id, name, city_id) values (76, 'AKYURT', 6);insert into county (id, name, city_id) values (77, 'ETİMESGUT', 6);insert into county (id, name, city_id) values (78, 'EVREN', 6);insert into county (id, name, city_id) values (79, 'ANSEKİ', 7);insert into county (id, name, city_id) values (80, 'ALANYA', 7);insert into county (id, name, city_id) values (81, 'ANTALYA MERKEZİ', 7);insert into county (id, name, city_id) values (82, 'ELMALI', 7);insert into county (id, name, city_id) values (83, 'FİNİKE', 7);insert into county (id, name, city_id) values (84, 'GAZİPAŞA', 7);insert into county (id, name, city_id) values (85, 'GÜNDOĞMUŞ', 7);insert into county (id, name, city_id) values (86, 'KAŞ', 7);insert into county (id, name, city_id) values (87, 'KORKUTELİ', 7);insert into county (id, name, city_id) values (88, 'KUMLUCA', 7);insert into county (id, name, city_id) values (89, 'MANAVGAT', 7);insert into county (id, name, city_id) values (90, 'SERİK', 7);insert into county (id, name, city_id) values (91, 'DEMRE', 7);insert into county (id, name, city_id) values (92, 'İBRADI', 7);insert into county (id, name, city_id) values (93, 'KEMER', 7);insert into county (id, name, city_id) values (94, 'ARDAHAN MERKEZ', 75);insert into county (id, name, city_id) values (95, 'GÖLE', 75);insert into county (id, name, city_id) values (96, 'ÇILDIR', 75);insert into county (id, name, city_id) values (97, 'HANAK', 75);insert into county (id, name, city_id) values (98, 'POSOF', 75);insert into county (id, name, city_id) values (99, 'DAMAL', 75);insert into county (id, name, city_id) values (100, 'ARDANUÇ', 8);insert into county (id, name, city_id) values (101, 'ARHAVİ', 8);insert into county (id, name, city_id) values (102, 'ARTVİN MERKEZ', 8);insert into county (id, name, city_id) values (103, 'BORÇKA', 8);insert into county (id, name, city_id) values (104, 'HOPA', 8);insert into county (id, name, city_id) values (105, 'ŞAVŞAT', 8);insert into county (id, name, city_id) values (106, 'YUSUFELİ', 8);insert into county (id, name, city_id) values (107, 'MURGUL', 8);insert into county (id, name, city_id) values (108, 'AYDIN MERKEZ', 9);insert into county (id, name, city_id) values (109, 'BOZDOĞAN', 9);insert into county (id, name, city_id) values (110, 'ÇİNE', 9);insert into county (id, name, city_id) values (111, 'GERMENCİK', 9);insert into county (id, name, city_id) values (112, 'KARACASU', 9);insert into county (id, name, city_id) values (113, 'KOÇARLI', 9);insert into county (id, name, city_id) values (114, 'KUŞADASI', 9);insert into county (id, name, city_id) values (115, 'KUYUCAK', 9);insert into county (id, name, city_id) values (116, 'NAZİLLİ', 9);insert into county (id, name, city_id) values (117, 'SÖKE', 9);insert into county (id, name, city_id) values (118, 'SULTANHİSAR', 9);insert into county (id, name, city_id) values (119, 'YENİPAZAR', 9);insert into county (id, name, city_id) values (120, 'BUHARKENT', 9);insert into county (id, name, city_id) values (121, 'İNCİRLİOVA', 9);insert into county (id, name, city_id) values (122, 'KARPUZLU', 9);insert into county (id, name, city_id) values (123, 'KÖŞK', 9);insert into county (id, name, city_id) values (124, 'DİDİM', 9);insert into county (id, name, city_id) values (125, 'AĞRI MERKEZ', 4);insert into county (id, name, city_id) values (126, 'DİYADİN', 4);insert into county (id, name, city_id) values (127, 'DOĞUBEYAZIT', 4);insert into county (id, name, city_id) values (128, 'ELEŞKİRT', 4);insert into county (id, name, city_id) values (129, 'HAMUR', 4);insert into county (id, name, city_id) values (130, 'PATNOS', 4);insert into county (id, name, city_id) values (131, 'TAŞLIÇAY', 4);insert into county (id, name, city_id) values (132, 'TUTAK', 4);insert into county (id, name, city_id) values (133, 'AYVALIK', 10);insert into county (id, name, city_id) values (134, 'BALIKESİR MERKEZ', 10);insert into county (id, name, city_id) values (135, 'BALYA', 10);insert into county (id, name, city_id) values (136, 'BANDIRMA', 10);insert into county (id, name, city_id) values (137, 'BİGADİÇ', 10);insert into county (id, name, city_id) values (138, 'BURHANİYE', 10);insert into county (id, name, city_id) values (139, 'DURSUNBEY', 10);insert into county (id, name, city_id) values (140, 'EDREMİT', 10);insert into county (id, name, city_id) values (141, 'ERDEK', 10);insert into county (id, name, city_id) values (142, 'GÖNEN', 10);insert into county (id, name, city_id) values (143, 'HAVRAN', 10);insert into county (id, name, city_id) values (144, 'İVRİNDİ', 10);insert into county (id, name, city_id) values (145, 'KEPSUT', 10);insert into county (id, name, city_id) values (146, 'MANYAS', 10);insert into county (id, name, city_id) values (147, 'SAVAŞTEPE', 10);insert into county (id, name, city_id) values (148, 'SINDIRGI', 10);insert into county (id, name, city_id) values (149, 'SUSURLUK', 10);insert into county (id, name, city_id) values (150, 'MARMARA', 10);insert into county (id, name, city_id) values (151, 'GÖMEÇ', 10);insert into county (id, name, city_id) values (152, 'BARTIN MERKEZ', 74);insert into county (id, name, city_id) values (153, 'KURUCAŞİLE', 74);insert into county (id, name, city_id) values (154, 'ULUS', 74);insert into county (id, name, city_id) values (155, 'AMASRA', 74);insert into county (id, name, city_id) values (156, 'BATMAN MERKEZ', 72);insert into county (id, name, city_id) values (157, 'BEŞİRİ', 72);insert into county (id, name, city_id) values (158, 'GERCÜŞ', 72);insert into county (id, name, city_id) values (159, 'KOZLUK', 72);insert into county (id, name, city_id) values (160, 'SASON', 72);insert into county (id, name, city_id) values (161, 'HASANKEYF', 72);insert into county (id, name, city_id) values (162, 'BAYBURT MERKEZ', 69);insert into county (id, name, city_id) values (163, 'AYDINTEPE', 69);insert into county (id, name, city_id) values (164, 'DEMİRÖZÜ', 69);insert into county (id, name, city_id) values (165, 'BOLU MERKEZ', 14);insert into county (id, name, city_id) values (166, 'GEREDE', 14);insert into county (id, name, city_id) values (167, 'GÖYNÜK', 14);insert into county (id, name, city_id) values (168, 'KIBRISCIK', 14);insert into county (id, name, city_id) values (169, 'MENGEN', 14);insert into county (id, name, city_id) values (170, 'MUDURNU', 14);insert into county (id, name, city_id) values (171, 'SEBEN', 14);insert into county (id, name, city_id) values (172, 'DÖRTDİVAN', 14);insert into county (id, name, city_id) values (173, 'YENİÇAĞA', 14);insert into county (id, name, city_id) values (174, 'AĞLASUN', 15);insert into county (id, name, city_id) values (175, 'BUCAK', 15);insert into county (id, name, city_id) values (176, 'BURDUR MERKEZ', 15);insert into county (id, name, city_id) values (177, 'GÖLHİSAR', 15);insert into county (id, name, city_id) values (178, 'TEFENNİ', 15);insert into county (id, name, city_id) values (179, 'YEŞİLOVA', 15);insert into county (id, name, city_id) values (180, 'KARAMANLI', 15);insert into county (id, name, city_id) values (181, 'KEMER', 15);insert into county (id, name, city_id) values (182, 'ALTINYAYLA', 15);insert into county (id, name, city_id) values (183, 'ÇAVDIR', 15);insert into county (id, name, city_id) values (184, 'ÇELTİKÇİ', 15);insert into county (id, name, city_id) values (185, 'GEMLİK', 16);insert into county (id, name, city_id) values (186, 'İNEGÖL', 16);insert into county (id, name, city_id) values (187, 'İZNİK', 16);insert into county (id, name, city_id) values (188, 'KARACABEY', 16);insert into county (id, name, city_id) values (189, 'KELES', 16);insert into county (id, name, city_id) values (190, 'MUDANYA', 16);insert into county (id, name, city_id) values (191, 'MUSTAFA K. PAŞA', 16);insert into county (id, name, city_id) values (192, 'ORHANELİ', 16);insert into county (id, name, city_id) values (193, 'ORHANGAZİ', 16);insert into county (id, name, city_id) values (194, 'YENİŞEHİR', 16);insert into county (id, name, city_id) values (195, 'BÜYÜK ORHAN', 16);insert into county (id, name, city_id) values (196, 'HARMANCIK', 16);insert into county (id, name, city_id) values (197, 'NÜLİFER', 16);insert into county (id, name, city_id) values (198, 'OSMAN GAZİ', 16);insert into county (id, name, city_id) values (199, 'YILDIRIM', 16);insert into county (id, name, city_id) values (200, 'GÜRSU', 16);insert into county (id, name, city_id) values (201, 'KESTEL', 16);insert into county (id, name, city_id) values (202, 'BİLECİK MERKEZ', 11);insert into county (id, name, city_id) values (203, 'BOZÜYÜK', 11);insert into county (id, name, city_id) values (204, 'GÖLPAZARI', 11);insert into county (id, name, city_id) values (205, 'OSMANELİ', 11);insert into county (id, name, city_id) values (206, 'PAZARYERİ', 11);insert into county (id, name, city_id) values (207, 'SÖĞÜT', 11);insert into county (id, name, city_id) values (208, 'YENİPAZAR', 11);insert into county (id, name, city_id) values (209, 'İNHİSAR', 11);insert into county (id, name, city_id) values (210, 'BİNGÖL MERKEZ', 12);insert into county (id, name, city_id) values (211, 'GENÇ', 12);insert into county (id, name, city_id) values (212, 'KARLIOVA', 12);insert into county (id, name, city_id) values (213, 'KİGI', 12);insert into county (id, name, city_id) values (214, 'SOLHAN', 12);insert into county (id, name, city_id) values (215, 'ADAKLI', 12);insert into county (id, name, city_id) values (216, 'YAYLADERE', 12);insert into county (id, name, city_id) values (217, 'YEDİSU', 12);insert into county (id, name, city_id) values (218, 'ADİLCEVAZ', 13);insert into county (id, name, city_id) values (219, 'AHLAT', 13);insert into county (id, name, city_id) values (220, 'BİTLİS MERKEZ', 13);insert into county (id, name, city_id) values (221, 'HİZAN', 13);insert into county (id, name, city_id) values (222, 'MUTKİ', 13);insert into county (id, name, city_id) values (223, 'TATVAN', 13);insert into county (id, name, city_id) values (224, 'GÜROYMAK', 13);insert into county (id, name, city_id) values (225, 'DENİZLİ MERKEZ', 20);insert into county (id, name, city_id) values (226, 'ACIPAYAM', 20);insert into county (id, name, city_id) values (227, 'BULDAN', 20);insert into county (id, name, city_id) values (228, 'ÇAL', 20);insert into county (id, name, city_id) values (229, 'ÇAMELİ', 20);insert into county (id, name, city_id) values (230, 'ÇARDAK', 20);insert into county (id, name, city_id) values (231, 'ÇİVRİL', 20);insert into county (id, name, city_id) values (232, 'GÜNEY', 20);insert into county (id, name, city_id) values (233, 'KALE', 20);insert into county (id, name, city_id) values (234, 'SARAYKÖY', 20);insert into county (id, name, city_id) values (235, 'TAVAS', 20);insert into county (id, name, city_id) values (236, 'BABADAĞ', 20);insert into county (id, name, city_id) values (237, 'BEKİLLİ', 20);insert into county (id, name, city_id) values (238, 'HONAZ', 20);insert into county (id, name, city_id) values (239, 'SERİNHİSAR', 20);insert into county (id, name, city_id) values (240, 'AKKÖY', 20);insert into county (id, name, city_id) values (241, 'BAKLAN', 20);insert into county (id, name, city_id) values (242, 'BEYAĞAÇ', 20);insert into county (id, name, city_id) values (243, 'BOZKURT', 20);insert into county (id, name, city_id) values (244, 'DÜZCE MERKEZ', 81);insert into county (id, name, city_id) values (245, 'AKÇAKOCA', 81);insert into county (id, name, city_id) values (246, 'YIĞILCA', 81);insert into county (id, name, city_id) values (247, 'CUMAYERİ', 81);insert into county (id, name, city_id) values (248, 'GÖLYAKA', 81);insert into county (id, name, city_id) values (249, 'ÇİLİMLİ', 81);insert into county (id, name, city_id) values (250, 'GÜMÜŞOVA', 81);insert into county (id, name, city_id) values (251, 'KAYNAŞLI', 81);insert into county (id, name, city_id) values (252, 'DİYARBAKIR MERKEZ', 21);insert into county (id, name, city_id) values (253, 'BİSMİL', 21);insert into county (id, name, city_id) values (254, 'ÇERMİK', 21);insert into county (id, name, city_id) values (255, 'ÇINAR', 21);insert into county (id, name, city_id) values (256, 'ÇÜNGÜŞ', 21);insert into county (id, name, city_id) values (257, 'DİCLE', 21);insert into county (id, name, city_id) values (258, 'ERGANİ', 21);insert into county (id, name, city_id) values (259, 'HANİ', 21);insert into county (id, name, city_id) values (260, 'HAZRO', 21);insert into county (id, name, city_id) values (261, 'KULP', 21);insert into county (id, name, city_id) values (262, 'LİCE', 21);insert into county (id, name, city_id) values (263, 'SİLVAN', 21);insert into county (id, name, city_id) values (264, 'EĞİL', 21);insert into county (id, name, city_id) values (265, 'KOCAKÖY', 21);insert into county (id, name, city_id) values (266, 'EDİRNE MERKEZ', 22);insert into county (id, name, city_id) values (267, 'ENEZ', 22);insert into county (id, name, city_id) values (268, 'HAVSA', 22);insert into county (id, name, city_id) values (269, 'İPSALA', 22);insert into county (id, name, city_id) values (270, 'KEŞAN', 22);insert into county (id, name, city_id) values (271, 'LALAPAŞA', 22);insert into county (id, name, city_id) values (272, 'MERİÇ', 22);insert into county (id, name, city_id) values (273, 'UZUNKÖPRÜ', 22);insert into county (id, name, city_id) values (274, 'SÜLOĞLU', 22);insert into county (id, name, city_id) values (275, 'ELAZIĞ MERKEZ', 23);insert into county (id, name, city_id) values (276, 'AĞIN', 23);insert into county (id, name, city_id) values (277, 'BASKİL', 23);insert into county (id, name, city_id) values (278, 'KARAKOÇAN', 23);insert into county (id, name, city_id) values (279, 'KEBAN', 23);insert into county (id, name, city_id) values (280, 'MADEN', 23);insert into county (id, name, city_id) values (281, 'PALU', 23);insert into county (id, name, city_id) values (282, 'SİVRİCE', 23);insert into county (id, name, city_id) values (283, 'ARICAK', 23);insert into county (id, name, city_id) values (284, 'KOVANCILAR', 23);insert into county (id, name, city_id) values (285, 'ALACAKAYA', 23);insert into county (id, name, city_id) values (286, 'ERZURUM MERKEZ', 25);insert into county (id, name, city_id) values (287, 'PALANDÖKEN', 25);insert into county (id, name, city_id) values (288, 'AŞKALE', 25);insert into county (id, name, city_id) values (289, 'ÇAT', 25);insert into county (id, name, city_id) values (290, 'HINIS', 25);insert into county (id, name, city_id) values (291, 'HORASAN', 25);insert into county (id, name, city_id) values (292, 'OLTU', 25);insert into county (id, name, city_id) values (293, 'İSPİR', 25);insert into county (id, name, city_id) values (294, 'KARAYAZI', 25);insert into county (id, name, city_id) values (295, 'NARMAN', 25);insert into county (id, name, city_id) values (296, 'OLUR', 25);insert into county (id, name, city_id) values (297, 'PASİNLER', 25);insert into county (id, name, city_id) values (298, 'ŞENKAYA', 25);insert into county (id, name, city_id) values (299, 'TEKMAN', 25);insert into county (id, name, city_id) values (300, 'TORTUM', 25);insert into county (id, name, city_id) values (301, 'KARAÇOBAN', 25);insert into county (id, name, city_id) values (302, 'UZUNDERE', 25);insert into county (id, name, city_id) values (303, 'PAZARYOLU', 25);insert into county (id, name, city_id) values (304, 'ILICA', 25);insert into county (id, name, city_id) values (305, 'KÖPRÜKÖY', 25);insert into county (id, name, city_id) values (306, 'ÇAYIRLI', 24);insert into county (id, name, city_id) values (307, 'ERZİNCAN MERKEZ', 24);insert into county (id, name, city_id) values (308, 'İLİÇ', 24);insert into county (id, name, city_id) values (309, 'KEMAH', 24);insert into county (id, name, city_id) values (310, 'KEMALİYE', 24);insert into county (id, name, city_id) values (311, 'REFAHİYE', 24);insert into county (id, name, city_id) values (312, 'TERCAN', 24);insert into county (id, name, city_id) values (313, 'OTLUKBELİ', 24);insert into county (id, name, city_id) values (314, 'ESKİŞEHİR MERKEZ', 26);insert into county (id, name, city_id) values (315, 'ÇİFTELER', 26);insert into county (id, name, city_id) values (316, 'MAHMUDİYE', 26);insert into county (id, name, city_id) values (317, 'MİHALIÇLIK', 26);insert into county (id, name, city_id) values (318, 'SARICAKAYA', 26);insert into county (id, name, city_id) values (319, 'SEYİTGAZİ', 26);insert into county (id, name, city_id) values (320, 'SİVRİHİSAR', 26);insert into county (id, name, city_id) values (321, 'ALPU', 26);insert into county (id, name, city_id) values (322, 'BEYLİKOVA', 26);insert into county (id, name, city_id) values (323, 'İNÖNÜ', 26);insert into county (id, name, city_id) values (324, 'GÜNYÜZÜ', 26);insert into county (id, name, city_id) values (325, 'HAN', 26);insert into county (id, name, city_id) values (326, 'MİHALGAZİ', 26);insert into county (id, name, city_id) values (327, 'ARABAN', 27);insert into county (id, name, city_id) values (328, 'İSLAHİYE', 27);insert into county (id, name, city_id) values (329, 'NİZİP', 27);insert into county (id, name, city_id) values (330, 'OĞUZELİ', 27);insert into county (id, name, city_id) values (331, 'YAVUZELİ', 27);insert into county (id, name, city_id) values (332, 'ŞAHİNBEY', 27);insert into county (id, name, city_id) values (333, 'ŞEHİT KAMİL', 27);insert into county (id, name, city_id) values (334, 'KARKAMIŞ', 27);insert into county (id, name, city_id) values (335, 'NURDAĞI', 27);insert into county (id, name, city_id) values (336, 'GÜMÜŞHANE MERKEZ', 29);insert into county (id, name, city_id) values (337, 'KELKİT', 29);insert into county (id, name, city_id) values (338, 'ŞİRAN', 29);insert into county (id, name, city_id) values (339, 'TORUL', 29);insert into county (id, name, city_id) values (340, 'KÖSE', 29);insert into county (id, name, city_id) values (341, 'KÜRTÜN', 29);insert into county (id, name, city_id) values (342, 'ALUCRA', 28);insert into county (id, name, city_id) values (343, 'BULANCAK', 28);insert into county (id, name, city_id) values (344, 'DERELİ', 28);insert into county (id, name, city_id) values (345, 'ESPİYE', 28);insert into county (id, name, city_id) values (346, 'EYNESİL', 28);insert into county (id, name, city_id) values (347, 'GİRESUN MERKEZ', 28);insert into county (id, name, city_id) values (348, 'GÖRELE', 28);insert into county (id, name, city_id) values (349, 'KEŞAP', 28);insert into county (id, name, city_id) values (350, 'ŞEBİNKARAHİSAR', 28);insert into county (id, name, city_id) values (351, 'TİREBOLU', 28);insert into county (id, name, city_id) values (352, 'PİPAZİZ', 28);insert into county (id, name, city_id) values (353, 'YAĞLIDERE', 28);insert into county (id, name, city_id) values (354, 'ÇAMOLUK', 28);insert into county (id, name, city_id) values (355, 'ÇANAKÇI', 28);insert into county (id, name, city_id) values (356, 'DOĞANKENT', 28);insert into county (id, name, city_id) values (357, 'GÜCE', 28);insert into county (id, name, city_id) values (358, 'HAKKARİ MERKEZ', 30);insert into county (id, name, city_id) values (359, 'ÇUKURCA', 30);insert into county (id, name, city_id) values (360, 'ŞEMDİNLİ', 30);insert into county (id, name, city_id) values (361, 'YÜKSEKOVA', 30);insert into county (id, name, city_id) values (362, 'ALTINÖZÜ', 31);insert into county (id, name, city_id) values (363, 'DÖRTYOL', 31);insert into county (id, name, city_id) values (364, 'HATAY MERKEZ', 31);insert into county (id, name, city_id) values (365, 'HASSA', 31);insert into county (id, name, city_id) values (366, 'İSKENDERUN', 31);insert into county (id, name, city_id) values (367, 'KIRIKHAN', 31);insert into county (id, name, city_id) values (368, 'REYHANLI', 31);insert into county (id, name, city_id) values (369, 'SAMANDAĞ', 31);insert into county (id, name, city_id) values (370, 'YAYLADAĞ', 31);insert into county (id, name, city_id) values (371, 'ERZİN', 31);insert into county (id, name, city_id) values (372, 'BELEN', 31);insert into county (id, name, city_id) values (373, 'KUMLU', 31);insert into county (id, name, city_id) values (374, 'ISPARTA MERKEZ', 32);insert into county (id, name, city_id) values (375, 'ATABEY', 32);insert into county (id, name, city_id) values (376, 'KEÇİBORLU', 32);insert into county (id, name, city_id) values (377, 'EĞİRDİR', 32);insert into county (id, name, city_id) values (378, 'GELENDOST', 32);insert into county (id, name, city_id) values (379, 'SİNİRKENT', 32);insert into county (id, name, city_id) values (380, 'ULUBORLU', 32);insert into county (id, name, city_id) values (381, 'YALVAÇ', 32);insert into county (id, name, city_id) values (382, 'AKSU', 32);insert into county (id, name, city_id) values (383, 'GÖNEN', 32);insert into county (id, name, city_id) values (384, 'YENİŞAR BADEMLİ', 32);insert into county (id, name, city_id) values (385, 'IĞDIR MERKEZ', 76);insert into county (id, name, city_id) values (386, 'ARALIK', 76);insert into county (id, name, city_id) values (387, 'TUZLUCA', 76);insert into county (id, name, city_id) values (388, 'KARAKOYUNLU', 76);insert into county (id, name, city_id) values (389, 'AFŞİN', 46);insert into county (id, name, city_id) values (390, 'ANDIRIN', 46);insert into county (id, name, city_id) values (391, 'ELBİSTAN', 46);insert into county (id, name, city_id) values (392, 'GÖKSUN', 46);insert into county (id, name, city_id) values (393, 'KAHRAMANMARAŞ MERKEZ', 46);insert into county (id, name, city_id) values (394, 'PAZARCIK', 46);insert into county (id, name, city_id) values (395, 'TÜRKOĞLU', 46);insert into county (id, name, city_id) values (396, 'ÇAĞLAYANCERİT', 46);insert into county (id, name, city_id) values (397, 'EKİNÖZÜ', 46);insert into county (id, name, city_id) values (398, 'NURHAK', 46);insert into county (id, name, city_id) values (399, 'EFLANİ', 78);insert into county (id, name, city_id) values (400, 'ESKİPAZAR', 78);insert into county (id, name, city_id) values (401, 'KARABÜK MERKEZ', 78);insert into county (id, name, city_id) values (402, 'OVACIK', 78);insert into county (id, name, city_id) values (403, 'SAFRANBOLU', 78);insert into county (id, name, city_id) values (404, 'YENİCE', 78);insert into county (id, name, city_id) values (405, 'ERMENEK', 70);insert into county (id, name, city_id) values (406, 'KARAMAN MERKEZ', 70);insert into county (id, name, city_id) values (407, 'AYRANCI', 70);insert into county (id, name, city_id) values (408, 'KAZIMKARABEKİR', 70);insert into county (id, name, city_id) values (409, 'BAŞYAYLA', 70);insert into county (id, name, city_id) values (410, 'SARIVELİLER', 70);insert into county (id, name, city_id) values (411, 'KARS MERKEZ', 36);insert into county (id, name, city_id) values (412, 'ARPAÇAY', 36);insert into county (id, name, city_id) values (413, 'DİGOR', 36);insert into county (id, name, city_id) values (414, 'KAĞIZMAN', 36);insert into county (id, name, city_id) values (415, 'SARIKAMIŞ', 36);insert into county (id, name, city_id) values (416, 'SELİM', 36);insert into county (id, name, city_id) values (417, 'SUSUZ', 36);insert into county (id, name, city_id) values (418, 'AKYAKA', 36);insert into county (id, name, city_id) values (419, 'ABANA', 37);insert into county (id, name, city_id) values (420, 'KASTAMONU MERKEZ', 37);insert into county (id, name, city_id) values (421, 'ARAÇ', 37);insert into county (id, name, city_id) values (422, 'AZDAVAY', 37);insert into county (id, name, city_id) values (423, 'BOZKURT', 37);insert into county (id, name, city_id) values (424, 'CİDE', 37);insert into county (id, name, city_id) values (425, 'ÇATALZEYTİN', 37);insert into county (id, name, city_id) values (426, 'DADAY', 37);insert into county (id, name, city_id) values (427, 'DEVREKANİ', 37);insert into county (id, name, city_id) values (428, 'İNEBOLU', 37);insert into county (id, name, city_id) values (429, 'KÜRE', 37);insert into county (id, name, city_id) values (430, 'TAŞKÖPRÜ', 37);insert into county (id, name, city_id) values (431, 'TOSYA', 37);insert into county (id, name, city_id) values (432, 'İHSANGAZİ', 37);insert into county (id, name, city_id) values (433, 'PINARBAŞI', 37);insert into county (id, name, city_id) values (434, 'ŞENPAZAR', 37);insert into county (id, name, city_id) values (435, 'AĞLI', 37);insert into county (id, name, city_id) values (436, 'DOĞANYURT', 37);insert into county (id, name, city_id) values (437, 'HANÖNÜ', 37);insert into county (id, name, city_id) values (438, 'SEYDİLER', 37);insert into county (id, name, city_id) values (439, 'BÜNYAN', 38);insert into county (id, name, city_id) values (440, 'DEVELİ', 38);insert into county (id, name, city_id) values (441, 'FELAHİYE', 38);insert into county (id, name, city_id) values (442, 'İNCESU', 38);insert into county (id, name, city_id) values (443, 'PINARBAŞI', 38);insert into county (id, name, city_id) values (444, 'SARIOĞLAN', 38);insert into county (id, name, city_id) values (445, 'SARIZ', 38);insert into county (id, name, city_id) values (446, 'TOMARZA', 38);insert into county (id, name, city_id) values (447, 'YAHYALI', 38);insert into county (id, name, city_id) values (448, 'YEŞİLHİSAR', 38);insert into county (id, name, city_id) values (449, 'AKKIŞLA', 38);insert into county (id, name, city_id) values (450, 'TALAS', 38);insert into county (id, name, city_id) values (451, 'KOCASİNAN', 38);insert into county (id, name, city_id) values (452, 'MELİKGAZİ', 38);insert into county (id, name, city_id) values (453, 'HACILAR', 38);insert into county (id, name, city_id) values (454, 'ÖZVATAN', 38);insert into county (id, name, city_id) values (455, 'DERİCE', 71);insert into county (id, name, city_id) values (456, 'KESKİN', 71);insert into county (id, name, city_id) values (457, 'KIRIKKALE MERKEZ', 71);insert into county (id, name, city_id) values (458, 'SALAK YURT', 71);insert into county (id, name, city_id) values (459, 'BAHŞİLİ', 71);insert into county (id, name, city_id) values (460, 'BALIŞEYH', 71);insert into county (id, name, city_id) values (461, 'ÇELEBİ', 71);insert into county (id, name, city_id) values (462, 'KARAKEÇİLİ', 71);insert into county (id, name, city_id) values (463, 'YAHŞİHAN', 71);insert into county (id, name, city_id) values (464, 'KIRKKLARELİ MERKEZ', 39);insert into county (id, name, city_id) values (465, 'BABAESKİ', 39);insert into county (id, name, city_id) values (466, 'DEMİRKÖY', 39);insert into county (id, name, city_id) values (467, 'KOFÇAY', 39);insert into county (id, name, city_id) values (468, 'LÜLEBURGAZ', 39);insert into county (id, name, city_id) values (469, 'VİZE', 39);insert into county (id, name, city_id) values (470, 'KIRŞEHİR MERKEZ', 40);insert into county (id, name, city_id) values (471, 'ÇİÇEKDAĞI', 40);insert into county (id, name, city_id) values (472, 'KAMAN', 40);insert into county (id, name, city_id) values (473, 'MUCUR', 40);insert into county (id, name, city_id) values (474, 'AKPINAR', 40);insert into county (id, name, city_id) values (475, 'AKÇAKENT', 40);insert into county (id, name, city_id) values (476, 'BOZTEPE', 40);insert into county (id, name, city_id) values (477, 'KOCAELİ MERKEZ', 41);insert into county (id, name, city_id) values (478, 'GEBZE', 41);insert into county (id, name, city_id) values (479, 'GÖLCÜK', 41);insert into county (id, name, city_id) values (480, 'KANDIRA', 41);insert into county (id, name, city_id) values (481, 'KARAMÜRSEL', 41);insert into county (id, name, city_id) values (482, 'KÖRFEZ', 41);insert into county (id, name, city_id) values (483, 'DERİNCE', 41);insert into county (id, name, city_id) values (484, 'KONYA MERKEZ', 42);insert into county (id, name, city_id) values (485, 'AKŞEHİR', 42);insert into county (id, name, city_id) values (486, 'BEYŞEHİR', 42);insert into county (id, name, city_id) values (487, 'BOZKIR', 42);insert into county (id, name, city_id) values (488, 'CİHANBEYLİ', 42);insert into county (id, name, city_id) values (489, 'ÇUMRA', 42);insert into county (id, name, city_id) values (490, 'DOĞANHİSAR', 42);insert into county (id, name, city_id) values (491, 'EREĞLİ', 42);insert into county (id, name, city_id) values (492, 'HADİM', 42);insert into county (id, name, city_id) values (493, 'ILGIN', 42);insert into county (id, name, city_id) values (494, 'KADINHANI', 42);insert into county (id, name, city_id) values (495, 'KARAPINAR', 42);insert into county (id, name, city_id) values (496, 'KULU', 42);insert into county (id, name, city_id) values (497, 'SARAYÖNÜ', 42);insert into county (id, name, city_id) values (498, 'SEYDİŞEHİR', 42);insert into county (id, name, city_id) values (499, 'YUNAK', 42);insert into county (id, name, city_id) values (500, 'AKÖREN', 42);insert into county (id, name, city_id) values (501, 'ALTINEKİN', 42);insert into county (id, name, city_id) values (502, 'DEREBUCAK', 42);insert into county (id, name, city_id) values (503, 'HÜYÜK', 42);insert into county (id, name, city_id) values (504, 'KARATAY', 42);insert into county (id, name, city_id) values (505, 'MERAM', 42);insert into county (id, name, city_id) values (506, 'SELÇUKLU', 42);insert into county (id, name, city_id) values (507, 'TAŞKENT', 42);insert into county (id, name, city_id) values (508, 'AHIRLI', 42);insert into county (id, name, city_id) values (509, 'ÇELTİK', 42);insert into county (id, name, city_id) values (510, 'DERBENT', 42);insert into county (id, name, city_id) values (511, 'EMİRGAZİ', 42);insert into county (id, name, city_id) values (512, 'GÜNEYSINIR', 42);insert into county (id, name, city_id) values (513, 'HALKAPINAR', 42);insert into county (id, name, city_id) values (514, 'TUZLUKÇU', 42);insert into county (id, name, city_id) values (515, 'YALIHÜYÜK', 42);insert into county (id, name, city_id) values (516, 'KÜTAHYA  MERKEZ', 43);insert into county (id, name, city_id) values (517, 'ALTINTAŞ', 43);insert into county (id, name, city_id) values (518, 'DOMANİÇ', 43);insert into county (id, name, city_id) values (519, 'EMET', 43);insert into county (id, name, city_id) values (520, 'GEDİZ', 43);insert into county (id, name, city_id) values (521, 'SİMAV', 43);insert into county (id, name, city_id) values (522, 'TAVŞANLI', 43);insert into county (id, name, city_id) values (523, 'ASLANAPA', 43);insert into county (id, name, city_id) values (524, 'DUMLUPINAR', 43);insert into county (id, name, city_id) values (525, 'HİSARCIK', 43);insert into county (id, name, city_id) values (526, 'ŞAPHANE', 43);insert into county (id, name, city_id) values (527, 'ÇAVDARHİSAR', 43);insert into county (id, name, city_id) values (528, 'PAZARLAR', 43);insert into county (id, name, city_id) values (529, 'KİLİS MERKEZ', 79);insert into county (id, name, city_id) values (530, 'ELBEYLİ', 79);insert into county (id, name, city_id) values (531, 'MUSABEYLİ', 79);insert into county (id, name, city_id) values (532, 'POLATELİ', 79);insert into county (id, name, city_id) values (533, 'MALATYA MERKEZ', 44);insert into county (id, name, city_id) values (534, 'AKÇADAĞ', 44);insert into county (id, name, city_id) values (535, 'ARAPGİR', 44);insert into county (id, name, city_id) values (536, 'ARGUVAN', 44);insert into county (id, name, city_id) values (537, 'DARENDE', 44);insert into county (id, name, city_id) values (538, 'DOĞANŞEHİR', 44);insert into county (id, name, city_id) values (539, 'HEKİMHAN', 44);insert into county (id, name, city_id) values (540, 'PÜTÜRGE', 44);insert into county (id, name, city_id) values (541, 'YEŞİLYURT', 44);insert into county (id, name, city_id) values (542, 'BATTALGAZİ', 44);insert into county (id, name, city_id) values (543, 'DOĞANYOL', 44);insert into county (id, name, city_id) values (544, 'KALE', 44);insert into county (id, name, city_id) values (545, 'KULUNCAK', 44);insert into county (id, name, city_id) values (546, 'YAZIHAN', 44);insert into county (id, name, city_id) values (547, 'AKHİSAR', 45);insert into county (id, name, city_id) values (548, 'ALAŞEHİR', 45);insert into county (id, name, city_id) values (549, 'DEMİRCİ', 45);insert into county (id, name, city_id) values (550, 'GÖRDES', 45);insert into county (id, name, city_id) values (551, 'KIRKAĞAÇ', 45);insert into county (id, name, city_id) values (552, 'KULA', 45);insert into county (id, name, city_id) values (553, 'MANİSA MERKEZ', 45);insert into county (id, name, city_id) values (554, 'SALİHLİ', 45);insert into county (id, name, city_id) values (555, 'SARIGÖL', 45);insert into county (id, name, city_id) values (556, 'SARUHANLI', 45);insert into county (id, name, city_id) values (557, 'SELENDİ', 45);insert into county (id, name, city_id) values (558, 'SOMA', 45);insert into county (id, name, city_id) values (559, 'TURGUTLU', 45);insert into county (id, name, city_id) values (560, 'AHMETLİ', 45);insert into county (id, name, city_id) values (561, 'GÖLMARMARA', 45);insert into county (id, name, city_id) values (562, 'KÖPRÜBAŞI', 45);insert into county (id, name, city_id) values (563, 'DERİK', 47);insert into county (id, name, city_id) values (564, 'KIZILTEPE', 47);insert into county (id, name, city_id) values (565, 'MARDİN MERKEZ', 47);insert into county (id, name, city_id) values (566, 'MAZIDAĞI', 47);insert into county (id, name, city_id) values (567, 'MİDYAT', 47);insert into county (id, name, city_id) values (568, 'NUSAYBİN', 47);insert into county (id, name, city_id) values (569, 'ÖMERLİ', 47);insert into county (id, name, city_id) values (570, 'SAVUR', 47);insert into county (id, name, city_id) values (571, 'YEŞİLLİ', 47);insert into county (id, name, city_id) values (572, 'MERSİN MERKEZ', 33);insert into county (id, name, city_id) values (573, 'ANAMUR', 33);insert into county (id, name, city_id) values (574, 'ERDEMLİ', 33);insert into county (id, name, city_id) values (575, 'GÜLNAR', 33);insert into county (id, name, city_id) values (576, 'MUT', 33);insert into county (id, name, city_id) values (577, 'SİLİFKE', 33);insert into county (id, name, city_id) values (578, 'TARSUS', 33);insert into county (id, name, city_id) values (579, 'AYDINCIK', 33);insert into county (id, name, city_id) values (580, 'BOZYAZI', 33);insert into county (id, name, city_id) values (581, 'ÇAMLIYAYLA', 33);insert into county (id, name, city_id) values (582, 'BODRUM', 48);insert into county (id, name, city_id) values (583, 'DATÇA', 48);insert into county (id, name, city_id) values (584, 'FETHİYE', 48);insert into county (id, name, city_id) values (585, 'KÖYCEĞİZ', 48);insert into county (id, name, city_id) values (586, 'MARMARİS', 48);insert into county (id, name, city_id) values (587, 'MİLAS', 48);insert into county (id, name, city_id) values (588, 'MUĞLA MERKEZ', 48);insert into county (id, name, city_id) values (589, 'ULA', 48);insert into county (id, name, city_id) values (590, 'YATAĞAN', 48);insert into county (id, name, city_id) values (591, 'DALAMAN', 48);insert into county (id, name, city_id) values (592, 'KAVAKLI DERE', 48);insert into county (id, name, city_id) values (593, 'ORTACA', 48);insert into county (id, name, city_id) values (594, 'BULANIK', 49);insert into county (id, name, city_id) values (595, 'MALAZGİRT', 49);insert into county (id, name, city_id) values (596, 'MUŞ MERKEZ', 49);insert into county (id, name, city_id) values (597, 'VARTO', 49);insert into county (id, name, city_id) values (598, 'HASKÖY', 49);insert into county (id, name, city_id) values (599, 'KORKUT', 49);insert into county (id, name, city_id) values (600, 'NEVŞEHİR MERKEZ', 50);insert into county (id, name, city_id) values (601, 'AVANOS', 50);insert into county (id, name, city_id) values (602, 'DERİNKUYU', 50);insert into county (id, name, city_id) values (603, 'GÜLŞEHİR', 50);insert into county (id, name, city_id) values (604, 'HACIBEKTAŞ', 50);insert into county (id, name, city_id) values (605, 'KOZAKLI', 50);insert into county (id, name, city_id) values (606, 'ÜRGÜP', 50);insert into county (id, name, city_id) values (607, 'ACIGÖL', 50);insert into county (id, name, city_id) values (608, 'NİĞDE MERKEZ', 51);insert into county (id, name, city_id) values (609, 'BOR', 51);insert into county (id, name, city_id) values (610, 'ÇAMARDI', 51);insert into county (id, name, city_id) values (611, 'ULUKIŞLA', 51);insert into county (id, name, city_id) values (612, 'ALTUNHİSAR', 51);insert into county (id, name, city_id) values (613, 'ÇİFTLİK', 51);insert into county (id, name, city_id) values (614, 'AKKUŞ', 52);insert into county (id, name, city_id) values (615, 'AYBASTI', 52);insert into county (id, name, city_id) values (616, 'FATSA', 52);insert into county (id, name, city_id) values (617, 'GÖLKÖY', 52);insert into county (id, name, city_id) values (618, 'KORGAN', 52);insert into county (id, name, city_id) values (619, 'KUMRU', 52);insert into county (id, name, city_id) values (620, 'MESUDİYE', 52);insert into county (id, name, city_id) values (621, 'ORDU MERKEZ', 52);insert into county (id, name, city_id) values (622, 'PERŞEMBE', 52);insert into county (id, name, city_id) values (623, 'ULUBEY', 52);insert into county (id, name, city_id) values (624, 'ÜNYE', 52);insert into county (id, name, city_id) values (625, 'GÜLYALI', 52);insert into county (id, name, city_id) values (626, 'GÜRGENTEPE', 52);insert into county (id, name, city_id) values (627, 'ÇAMAŞ', 52);insert into county (id, name, city_id) values (628, 'ÇATALPINAR', 52);insert into county (id, name, city_id) values (629, 'ÇAYBAŞI', 52);insert into county (id, name, city_id) values (630, 'İKİZCE', 52);insert into county (id, name, city_id) values (631, 'KABADÜZ', 52);insert into county (id, name, city_id) values (632, 'KABATAŞ', 52);insert into county (id, name, city_id) values (633, 'BAHÇE', 80);insert into county (id, name, city_id) values (634, 'KADİRLİ', 80);insert into county (id, name, city_id) values (635, 'OSMANİYE MERKEZ', 80);insert into county (id, name, city_id) values (636, 'DÜZİÇİ', 80);insert into county (id, name, city_id) values (637, 'HASANBEYLİ', 80);insert into county (id, name, city_id) values (638, 'SUMBAŞ', 80);insert into county (id, name, city_id) values (639, 'TOPRAKKALE', 80);insert into county (id, name, city_id) values (640, 'RİZE MERKEZ', 53);insert into county (id, name, city_id) values (641, 'ARDEŞEN', 53);insert into county (id, name, city_id) values (642, 'ÇAMLIHEMŞİN', 53);insert into county (id, name, city_id) values (643, 'ÇAYELİ', 53);insert into county (id, name, city_id) values (644, 'FINDIKLI', 53);insert into county (id, name, city_id) values (645, 'İKİZDERE', 53);insert into county (id, name, city_id) values (646, 'KALKANDERE', 53);insert into county (id, name, city_id) values (647, 'PAZAR', 53);insert into county (id, name, city_id) values (648, 'GÜNEYSU', 53);insert into county (id, name, city_id) values (649, 'DEREPAZARI', 53);insert into county (id, name, city_id) values (650, 'HEMŞİN', 53);insert into county (id, name, city_id) values (651, 'İYİDERE', 53);insert into county (id, name, city_id) values (652, 'AKYAZI', 54);insert into county (id, name, city_id) values (653, 'GEYVE', 54);insert into county (id, name, city_id) values (654, 'HENDEK', 54);insert into county (id, name, city_id) values (655, 'KARASU', 54);insert into county (id, name, city_id) values (656, 'KAYNARCA', 54);insert into county (id, name, city_id) values (657, 'SAKARYA MERKEZ', 54);insert into county (id, name, city_id) values (658, 'PAMUKOVA', 54);insert into county (id, name, city_id) values (659, 'TARAKLI', 54);insert into county (id, name, city_id) values (660, 'FERİZLİ', 54);insert into county (id, name, city_id) values (661, 'KARAPÜRÇEK', 54);insert into county (id, name, city_id) values (662, 'SÖĞÜTLÜ', 54);insert into county (id, name, city_id) values (663, 'ALAÇAM', 55);insert into county (id, name, city_id) values (664, 'BAFRA', 55);insert into county (id, name, city_id) values (665, 'ÇARŞAMBA', 55);insert into county (id, name, city_id) values (666, 'HAVZA', 55);insert into county (id, name, city_id) values (667, 'KAVAK', 55);insert into county (id, name, city_id) values (668, 'LADİK', 55);insert into county (id, name, city_id) values (669, 'SAMSUN MERKEZ', 55);insert into county (id, name, city_id) values (670, 'TERME', 55);insert into county (id, name, city_id) values (671, 'VEZİRKÖPRÜ', 55);insert into county (id, name, city_id) values (672, 'ASARCIK', 55);insert into county (id, name, city_id) values (673, 'ONDOKUZMAYIS', 55);insert into county (id, name, city_id) values (674, 'SALIPAZARI', 55);insert into county (id, name, city_id) values (675, 'TEKKEKÖY', 55);insert into county (id, name, city_id) values (676, 'AYVACIK', 55);insert into county (id, name, city_id) values (677, 'YAKAKENT', 55);insert into county (id, name, city_id) values (678, 'AYANCIK', 57);insert into county (id, name, city_id) values (679, 'BOYABAT', 57);insert into county (id, name, city_id) values (680, 'SİNOP MERKEZ', 57);insert into county (id, name, city_id) values (681, 'DURAĞAN', 57);insert into county (id, name, city_id) values (682, 'ERGELEK', 57);insert into county (id, name, city_id) values (683, 'GERZE', 57);insert into county (id, name, city_id) values (684, 'TÜRKELİ', 57);insert into county (id, name, city_id) values (685, 'DİKMEN', 57);insert into county (id, name, city_id) values (686, 'SARAYDÜZÜ', 57);insert into county (id, name, city_id) values (687, 'DİVRİĞİ', 58);insert into county (id, name, city_id) values (688, 'GEMEREK', 58);insert into county (id, name, city_id) values (689, 'GÜRÜN', 58);insert into county (id, name, city_id) values (690, 'HAFİK', 58);insert into county (id, name, city_id) values (691, 'İMRANLI', 58);insert into county (id, name, city_id) values (692, 'KANGAL', 58);insert into county (id, name, city_id) values (693, 'KOYUL HİSAR', 58);insert into county (id, name, city_id) values (694, 'SİVAS MERKEZ', 58);insert into county (id, name, city_id) values (695, 'SU ŞEHRİ', 58);insert into county (id, name, city_id) values (696, 'ŞARKIŞLA', 58);insert into county (id, name, city_id) values (697, 'YILDIZELİ', 58);insert into county (id, name, city_id) values (698, 'ZARA', 58);insert into county (id, name, city_id) values (699, 'AKINCILAR', 58);insert into county (id, name, city_id) values (700, 'ALTINYAYLA', 58);insert into county (id, name, city_id) values (701, 'DOĞANŞAR', 58);insert into county (id, name, city_id) values (702, 'GÜLOVA', 58);insert into county (id, name, city_id) values (703, 'ULAŞ', 58);insert into county (id, name, city_id) values (704, 'BAYKAN', 56);insert into county (id, name, city_id) values (705, 'ERUH', 56);insert into county (id, name, city_id) values (706, 'KURTALAN', 56);insert into county (id, name, city_id) values (707, 'PERVARİ', 56);insert into county (id, name, city_id) values (708, 'SİİRT MERKEZ', 56);insert into county (id, name, city_id) values (709, 'ŞİRVARİ', 56);insert into county (id, name, city_id) values (710, 'AYDINLAR', 56);insert into county (id, name, city_id) values (711, 'TEKİRDAĞ MERKEZ', 59);insert into county (id, name, city_id) values (712, 'ÇERKEZKÖY', 59);insert into county (id, name, city_id) values (713, 'ÇORLU', 59);insert into county (id, name, city_id) values (714, 'HAYRABOLU', 59);insert into county (id, name, city_id) values (715, 'MALKARA', 59);insert into county (id, name, city_id) values (716, 'MURATLI', 59);insert into county (id, name, city_id) values (717, 'SARAY', 59);insert into county (id, name, city_id) values (718, 'ŞARKÖY', 59);insert into county (id, name, city_id) values (719, 'MARAMARAEREĞLİSİ', 59);insert into county (id, name, city_id) values (720, 'ALMUS', 60);insert into county (id, name, city_id) values (721, 'ARTOVA', 60);insert into county (id, name, city_id) values (722, 'TOKAT MERKEZ', 60);insert into county (id, name, city_id) values (723, 'ERBAA', 60);insert into county (id, name, city_id) values (724, 'NİKSAR', 60);insert into county (id, name, city_id) values (725, 'REŞADİYE', 60);insert into county (id, name, city_id) values (726, 'TURHAL', 60);insert into county (id, name, city_id) values (727, 'ZİLE', 60);insert into county (id, name, city_id) values (728, 'PAZAR', 60);insert into county (id, name, city_id) values (729, 'YEŞİLYURT', 60);insert into county (id, name, city_id) values (730, 'BAŞÇİFTLİK', 60);insert into county (id, name, city_id) values (731, 'SULUSARAY', 60);insert into county (id, name, city_id) values (732, 'TRABZON MERKEZ', 61);insert into county (id, name, city_id) values (733, 'AKÇAABAT', 61);insert into county (id, name, city_id) values (734, 'ARAKLI', 61);insert into county (id, name, city_id) values (735, 'ARŞİN', 61);insert into county (id, name, city_id) values (736, 'ÇAYKARA', 61);insert into county (id, name, city_id) values (737, 'MAÇKA', 61);insert into county (id, name, city_id) values (738, 'OF', 61);insert into county (id, name, city_id) values (739, 'SÜRMENE', 61);insert into county (id, name, city_id) values (740, 'TONYA', 61);insert into county (id, name, city_id) values (741, 'VAKFIKEBİR', 61);insert into county (id, name, city_id) values (742, 'YOMRA', 61);insert into county (id, name, city_id) values (743, 'BEŞİKDÜZÜ', 61);insert into county (id, name, city_id) values (744, 'ŞALPAZARI', 61);insert into county (id, name, city_id) values (745, 'ÇARŞIBAŞI', 61);insert into county (id, name, city_id) values (746, 'DERNEKPAZARI', 61);insert into county (id, name, city_id) values (747, 'DÜZKÖY', 61);insert into county (id, name, city_id) values (748, 'HAYRAT', 61);insert into county (id, name, city_id) values (749, 'KÖPRÜBAŞI', 61);insert into county (id, name, city_id) values (750, 'TUNCELİ MERKEZ', 62);insert into county (id, name, city_id) values (751, 'ÇEMİŞGEZEK', 62);insert into county (id, name, city_id) values (752, 'HOZAT', 62);insert into county (id, name, city_id) values (753, 'MAZGİRT', 62);insert into county (id, name, city_id) values (754, 'NAZİMİYE', 62);insert into county (id, name, city_id) values (755, 'OVACIK', 62);insert into county (id, name, city_id) values (756, 'PERTEK', 62);insert into county (id, name, city_id) values (757, 'PÜLÜMÜR', 62);insert into county (id, name, city_id) values (758, 'BANAZ', 64);insert into county (id, name, city_id) values (759, 'EŞME', 64);insert into county (id, name, city_id) values (760, 'KARAHALLI', 64);insert into county (id, name, city_id) values (761, 'SİVASLI', 64);insert into county (id, name, city_id) values (762, 'ULUBEY', 64);insert into county (id, name, city_id) values (763, 'UŞAK MERKEZ', 64);insert into county (id, name, city_id) values (764, 'BAŞKALE', 65);insert into county (id, name, city_id) values (765, 'VAN MERKEZ', 65);insert into county (id, name, city_id) values (766, 'EDREMİT', 65);insert into county (id, name, city_id) values (767, 'ÇATAK', 65);insert into county (id, name, city_id) values (768, 'ERCİŞ', 65);insert into county (id, name, city_id) values (769, 'GEVAŞ', 65);insert into county (id, name, city_id) values (770, 'GÜRPINAR', 65);insert into county (id, name, city_id) values (771, 'MURADİYE', 65);insert into county (id, name, city_id) values (772, 'ÖZALP', 65);insert into county (id, name, city_id) values (773, 'BAHÇESARAY', 65);insert into county (id, name, city_id) values (774, 'ÇALDIRAN', 65);insert into county (id, name, city_id) values (775, 'SARAY', 65);insert into county (id, name, city_id) values (776, 'YALOVA MERKEZ', 77);insert into county (id, name, city_id) values (777, 'ALTINOVA', 77);insert into county (id, name, city_id) values (778, 'ARMUTLU', 77);insert into county (id, name, city_id) values (779, 'ÇINARCIK', 77);insert into county (id, name, city_id) values (780, 'ÇİFTLİKKÖY', 77);insert into county (id, name, city_id) values (781, 'TERMAL', 77);insert into county (id, name, city_id) values (782, 'AKDAĞMADENİ', 66);insert into county (id, name, city_id) values (783, 'BOĞAZLIYAN', 66);insert into county (id, name, city_id) values (784, 'YOZGAT MERKEZ', 66);insert into county (id, name, city_id) values (785, 'ÇAYIRALAN', 66);insert into county (id, name, city_id) values (786, 'ÇEKEREK', 66);insert into county (id, name, city_id) values (787, 'SARIKAYA', 66);insert into county (id, name, city_id) values (788, 'SORGUN', 66);insert into county (id, name, city_id) values (789, 'ŞEFAATLI', 66);insert into county (id, name, city_id) values (790, 'YERKÖY', 66);insert into county (id, name, city_id) values (791, 'KADIŞEHRİ', 66);insert into county (id, name, city_id) values (792, 'SARAYKENT', 66);insert into county (id, name, city_id) values (793, 'YENİFAKILI', 66);insert into county (id, name, city_id) values (794, 'ÇAYCUMA', 67);insert into county (id, name, city_id) values (795, 'DEVREK', 67);insert into county (id, name, city_id) values (796, 'ZONGULDAK MERKEZ', 67);insert into county (id, name, city_id) values (797, 'EREĞLİ', 67);insert into county (id, name, city_id) values (798, 'ALAPLI', 67);insert into county (id, name, city_id) values (799, 'GÖKÇEBEY', 67);insert into county (id, name, city_id) values (800, 'ÇANAKKALE MERKEZ', 17);insert into county (id, name, city_id) values (801, 'AYVACIK', 17);insert into county (id, name, city_id) values (802, 'BAYRAMİÇ', 17);insert into county (id, name, city_id) values (803, 'BİGA', 17);insert into county (id, name, city_id) values (804, 'BOZCAADA', 17);insert into county (id, name, city_id) values (805, 'ÇAN', 17);insert into county (id, name, city_id) values (806, 'ECEABAT', 17);insert into county (id, name, city_id) values (807, 'EZİNE', 17);insert into county (id, name, city_id) values (808, 'LAPSEKİ', 17);insert into county (id, name, city_id) values (809, 'YENİCE', 17);insert into county (id, name, city_id) values (810, 'ÇANKIRI MERKEZ', 18);insert into county (id, name, city_id) values (811, 'ÇERKEŞ', 18);insert into county (id, name, city_id) values (812, 'ELDİVAN', 18);insert into county (id, name, city_id) values (813, 'ILGAZ', 18);insert into county (id, name, city_id) values (814, 'KURŞUNLU', 18);insert into county (id, name, city_id) values (815, 'ORTA', 18);insert into county (id, name, city_id) values (816, 'ŞABANÖZÜ', 18);insert into county (id, name, city_id) values (817, 'YAPRAKLI', 18);insert into county (id, name, city_id) values (818, 'ATKARACALAR', 18);insert into county (id, name, city_id) values (819, 'KIZILIRMAK', 18);insert into county (id, name, city_id) values (820, 'BAYRAMÖREN', 18);insert into county (id, name, city_id) values (821, 'KORGUN', 18);insert into county (id, name, city_id) values (822, 'ALACA', 19);insert into county (id, name, city_id) values (823, 'BAYAT', 19);insert into county (id, name, city_id) values (824, 'ÇORUM MERKEZ', 19);insert into county (id, name, city_id) values (825, 'İKSİPLİ', 19);insert into county (id, name, city_id) values (826, 'KARGI', 19);insert into county (id, name, city_id) values (827, 'MECİTÖZÜ', 19);insert into county (id, name, city_id) values (828, 'ORTAKÖY', 19);insert into county (id, name, city_id) values (829, 'OSMANCIK', 19);insert into county (id, name, city_id) values (830, 'SUNGURLU', 19);insert into county (id, name, city_id) values (831, 'DODURGA', 19);insert into county (id, name, city_id) values (832, 'LAÇİN', 19);insert into county (id, name, city_id) values (833, 'OĞUZLAR', 19);insert into county (id, name, city_id) values (834, 'ADALAR', 34);insert into county (id, name, city_id) values (835, 'BAKIRKÖY', 34);insert into county (id, name, city_id) values (836, 'BEŞİKTAŞ', 34);insert into county (id, name, city_id) values (837, 'BEYKOZ', 34);insert into county (id, name, city_id) values (838, 'BEYOĞLU', 34);insert into county (id, name, city_id) values (839, 'ÇATALCA', 34);insert into county (id, name, city_id) values (840, 'EMİNÖNÜ', 34);insert into county (id, name, city_id) values (841, 'EYÜP', 34);insert into county (id, name, city_id) values (842, 'FATİH', 34);insert into county (id, name, city_id) values (843, 'GAZİOSMANPAŞA', 34);insert into county (id, name, city_id) values (844, 'KADIKÖY', 34);insert into county (id, name, city_id) values (845, 'KARTAL', 34);insert into county (id, name, city_id) values (846, 'SARIYER', 34);insert into county (id, name, city_id) values (847, 'SİLİVRİ', 34);insert into county (id, name, city_id) values (848, 'ŞİLE', 34);insert into county (id, name, city_id) values (849, 'ŞİŞLİ', 34);insert into county (id, name, city_id) values (850, 'ÜSKÜDAR', 34);insert into county (id, name, city_id) values (851, 'ZEYTİNBURNU', 34);insert into county (id, name, city_id) values (852, 'BÜYÜKÇEKMECE', 34);insert into county (id, name, city_id) values (853, 'KAĞITHANE', 34);insert into county (id, name, city_id) values (854, 'KÜÇÜKÇEKMECE', 34);insert into county (id, name, city_id) values (855, 'PENDİK', 34);insert into county (id, name, city_id) values (856, 'ÜMRANİYE', 34);insert into county (id, name, city_id) values (857, 'BAYRAMPAŞA', 34);insert into county (id, name, city_id) values (858, 'AVCILAR', 34);insert into county (id, name, city_id) values (859, 'BAĞCILAR', 34);insert into county (id, name, city_id) values (860, 'BAHÇELİEVLER', 34);insert into county (id, name, city_id) values (861, 'GÜNGÖREN', 34);insert into county (id, name, city_id) values (862, 'MALTEPE', 34);insert into county (id, name, city_id) values (863, 'SULTANBEYLİ', 34);insert into county (id, name, city_id) values (864, 'TUZLA', 34);insert into county (id, name, city_id) values (865, 'ESENLER', 34);insert into county (id, name, city_id) values (866, 'ALİAĞA', 35);insert into county (id, name, city_id) values (867, 'BAYINDIR', 35);insert into county (id, name, city_id) values (868, 'BERGAMA', 35);insert into county (id, name, city_id) values (869, 'BORNOVA', 35);insert into county (id, name, city_id) values (870, 'ÇEŞME', 35);insert into county (id, name, city_id) values (871, 'DİKİLİ', 35);insert into county (id, name, city_id) values (872, 'FOÇA', 35);insert into county (id, name, city_id) values (873, 'KARABURUN', 35);insert into county (id, name, city_id) values (874, 'KARŞIYAKA', 35);insert into county (id, name, city_id) values (875, 'KEMALPAŞA', 35);insert into county (id, name, city_id) values (876, 'KINIK', 35);insert into county (id, name, city_id) values (877, 'KİRAZ', 35);insert into county (id, name, city_id) values (878, 'MENEMEN', 35);insert into county (id, name, city_id) values (879, 'ÖDEMİŞ', 35);insert into county (id, name, city_id) values (880, 'SEFERİHİSAR', 35);insert into county (id, name, city_id) values (881, 'SELÇUK', 35);insert into county (id, name, city_id) values (882, 'TİRE', 35);insert into county (id, name, city_id) values (883, 'TORBALI', 35);insert into county (id, name, city_id) values (884, 'URLA', 35);insert into county (id, name, city_id) values (885, 'BEYDAĞ', 35);insert into county (id, name, city_id) values (886, 'BUCA', 35);insert into county (id, name, city_id) values (887, 'KONAK', 35);insert into county (id, name, city_id) values (888, 'MENDERES', 35);insert into county (id, name, city_id) values (889, 'BALÇOVA', 35);insert into county (id, name, city_id) values (890, 'ÇİGLİ', 35);insert into county (id, name, city_id) values (891, 'GAZİEMİR', 35);insert into county (id, name, city_id) values (892, 'NARLIDERE', 35);insert into county (id, name, city_id) values (893, 'GÜZELBAHÇE', 35);insert into county (id, name, city_id) values (894, 'ŞANLIURFA MERKEZ', 63);insert into county (id, name, city_id) values (895, 'AKÇAKALE', 63);insert into county (id, name, city_id) values (896, 'BİRECİK', 63);insert into county (id, name, city_id) values (897, 'BOZOVA', 63);insert into county (id, name, city_id) values (898, 'CEYLANPINAR', 63);insert into county (id, name, city_id) values (899, 'HALFETİ', 63);insert into county (id, name, city_id) values (900, 'HİLVAN', 63);insert into county (id, name, city_id) values (901, 'SİVEREK', 63);insert into county (id, name, city_id) values (902, 'SURUÇ', 63);insert into county (id, name, city_id) values (903, 'VİRANŞEHİR', 63);insert into county (id, name, city_id) values (904, 'HARRAN', 63);insert into county (id, name, city_id) values (905, 'BEYTÜŞŞEBAP', 73);insert into county (id, name, city_id) values (906, 'ŞIRNAK MERKEZ', 73);insert into county (id, name, city_id) values (907, 'CİZRE', 73);insert into county (id, name, city_id) values (908, 'İDİL', 73);insert into county (id, name, city_id) values (909, 'SİLOPİ', 73);insert into county (id, name, city_id) values (910, 'ULUDERE', 73);insert into county (id, name, city_id) values (911, 'GÜÇLÜKONAK', 73);

insert into address (id,county_id,city_id) values (1,846,34);
insert into address (id,county_id,city_id) values (2,849,34);
insert into address (id,county_id,city_id) values (3,853,34);
insert into address (id,county_id,city_id) values (4,860,34);

insert into owners (id,first_name,last_name,phone_number,address_id) values (1,'Ziya','Ferit','0531',1);
insert into owners (id,first_name,last_name,phone_number,address_id) values (2,'Beşir','Dal','0532',2);
insert into owners (id,first_name,last_name,phone_number,address_id) values (3,'Eda','Rize','0533',3);
insert into owners(id,first_name,last_name,phone_number,address_id) values (4,'Eda','Duru','0534',4);
insert into owners(id,first_name,last_name,phone_number,address_id) values (5,'Pınar','Mus','0535',1);
insert into owners(id,first_name,last_name,phone_number,address_id) values (6,'Çiğdem','Su','0536',2);
insert into owners(id,first_name,last_name,phone_number,address_id) values (7,'Aslı','Zor','0537',3);
insert into owners(id,first_name,last_name,phone_number,address_id) values (8,'Murat','Eski','0538',4);
insert into owners(id,first_name,last_name,phone_number,address_id) values (9,'Eda','Saz','0539',2);
insert into owners(id,first_name,last_name,phone_number,address_id) values (10,'Kadir','Mutlu','0530',2);

insert into car(id,brand,model,year,km,color,owner_id) values (1,'BMW','116d',2017,10000,'Kırmızı',1);
insert into car(id,brand,model,year,km,color,owner_id) values (2,'Audi','A3',2016,85000,'Siyah',2);
insert into car(id,brand,model,year,km,color,owner_id) values (3,'Mercedes','GLE 350',2018,1000,'Füme',1);
insert into car(id,brand,model,year,km,color,owner_id) values (4,'Seat','Leon',2019,210000,'Beyaz',4);
insert into car(id,brand,model,year,km,color,owner_id) values (5,'Ford','Fiesta',2007,100000,'Gri',5);

insert into advert(id,car_id,title,description,createdAt,price)
values (1,1,'Bu bir başlık','Bu bir açıklama',current_date(),250000);
insert into advert(id,car_id,title,description,createdAt,price)
values (2,3, 'Bu bir başlık', 'Bu bir açıklama',current_date(),250000);
insert into advert(id,car_id,title,description,createdAt,price)
values (3,5,'Bu bir başlık','Bu bir açıklama',current_date(),100000);